05-43-32-ff-03-dc-b0-80,m3-100
05-43-32-ff-03-d6-91-81,m3-101
05-43-32-ff-03-d9-a8-81,m3-102
05-43-32-ff-03-d9-98-81,m3-103
05-43-32-ff-03-db-a7-75,m3-104
05-43-32-ff-03-da-b5-76,m3-105
05-43-32-ff-03-d9-93-82,m3-106
05-43-32-ff-03-dd-a0-72,m3-107
05-43-32-ff-03-d9-84-77,m3-108
05-43-32-ff-02-d7-10-62,m3-109
05-43-32-ff-03-d9-a4-71,m3-86
05-43-32-ff-03-d7-92-77,m3-87
05-43-32-ff-03-db-a4-75,m3-88
05-43-32-ff-03-dc-98-82,m3-89
05-43-32-ff-03-d7-a8-78,m3-90
05-43-32-ff-02-d4-16-62,m3-91
05-43-32-ff-03-db-b0-78,m3-92
05-43-32-ff-02-da-39-60,m3-93
05-43-32-ff-02-da-29-60,m3-94
05-43-32-ff-03-dc-a7-70,m3-95
05-43-32-ff-03-d4-b4-68,m3-96
05-43-32-ff-03-db-b1-79,m3-97
05-43-32-ff-03-db-b0-69,m3-98
05-43-32-ff-03-db-b2-77,m3-99
