05-43-32-ff-03-dc-97-68,m3-1
05-43-32-ff-03-db-89-76,m3-10
05-43-32-ff-03-db-84-67,m3-11
05-43-32-ff-03-dd-b6-82,m3-12
05-43-32-ff-03-d8-b1-76,m3-13
05-43-32-ff-02-d6-28-60,m3-14
05-43-32-ff-03-d9-a3-77,m3-15
05-43-32-ff-03-d7-b9-78,m3-16
05-43-32-ff-03-d8-a1-68,m3-17
05-43-32-ff-02-da-32-61,m3-18
05-43-32-ff-03-d6-88-67,m3-2
05-43-32-ff-03-db-86-76,m3-3
05-43-32-ff-03-d6-b1-81,m3-4
05-43-32-ff-03-d8-89-68,m3-5
05-43-32-ff-03-da-c2-79,m3-6
05-43-32-ff-03-d9-a3-71,m3-7
05-43-32-ff-03-da-a6-83,m3-8
05-43-32-ff-03-d8-b6-77,m3-9
