05-43-32-ff-02-d9-35-62,m3-1
05-43-32-ff-03-d8-b3-75,m3-10
05-43-32-ff-02-da-36-62,m3-11
05-43-32-ff-02-d8-27-62,m3-12
05-43-32-ff-03-d3-94-73,m3-13
05-43-32-ff-02-dd-31-57,m3-14
05-43-32-ff-02-d6-27-56,m3-15
05-43-32-ff-03-d8-a9-74,m3-16
05-43-32-ff-02-d5-40-62,m3-17
05-43-32-ff-03-d9-91-74,m3-18
05-43-32-ff-02-dc-29-56,m3-19
05-43-32-ff-03-dc-b0-75,m3-2
05-43-32-ff-03-d7-b5-74,m3-20
05-43-32-ff-03-d9-92-80,m3-21
05-43-32-ff-02-d6-25-62,m3-22
05-43-32-ff-02-da-37-57,m3-23
05-43-32-ff-03-db-a5-74,m3-24
05-43-32-ff-03-d8-b3-74,m3-25
05-43-32-ff-02-db-42-62,m3-26
05-43-32-ff-03-d9-95-74,m3-27
05-43-32-ff-03-d9-96-73,m3-28
05-43-32-ff-02-db-38-56,m3-29
05-43-32-ff-02-d9-29-62,m3-3
05-43-32-ff-02-d5-31-62,m3-30
05-43-32-ff-03-d7-99-74,m3-31
05-43-32-ff-03-d7-b1-74,m3-32
05-43-32-ff-03-d9-c1-74,m3-33
05-43-32-ff-03-d8-a9-75,m3-35
05-43-32-ff-03-d7-b1-75,m3-36
05-43-32-ff-03-da-b9-75,m3-37
05-43-32-ff-03-d7-b7-75,m3-39
05-43-32-ff-02-d7-34-62,m3-4
05-43-32-ff-02-da-28-62,m3-40
05-43-32-ff-02-d9-26-62,m3-42
05-43-32-ff-02-da-38-57,m3-43
05-43-32-ff-02-d5-32-62,m3-45
05-43-32-ff-02-da-26-57,m3-46
05-43-32-ff-03-da-a0-74,m3-47
05-43-32-ff-03-d8-b6-75,m3-49
05-43-32-ff-02-d4-34-57,m3-5
05-43-32-ff-03-d9-a7-74,m3-50
05-43-32-ff-02-d5-37-56,m3-51
05-43-32-ff-03-db-83-73,m3-52
05-43-32-ff-02-db-33-56,m3-53
05-43-32-ff-03-d9-c2-74,m3-54
05-43-32-ff-02-dc-28-57,m3-55
05-43-32-ff-03-dc-b2-75,m3-56
05-43-32-ff-02-d7-33-57,m3-57
05-43-32-ff-03-d9-97-74,m3-58
05-43-32-ff-03-d6-88-80,m3-59
05-43-32-ff-02-da-23-57,m3-60
05-43-32-ff-03-d6-a8-74,m3-61
05-43-32-ff-03-d6-89-80,m3-62
05-43-32-ff-03-dc-94-74,m3-63
05-43-32-ff-02-d8-25-57,m3-64
05-43-32-ff-03-d8-96-74,m3-65
05-43-32-ff-03-d8-b7-74,m3-66
05-43-32-ff-03-d7-87-80,m3-67
05-43-32-ff-03-dc-b9-74,m3-68
05-43-32-ff-02-d7-36-57,m3-69
05-43-32-ff-03-dd-a6-74,m3-7
05-43-32-ff-03-d9-a3-74,m3-8
05-43-32-ff-02-da-32-56,m3-9
